{
    "esm": {
        "version": "2.5",
        "website": "http://exer.fr",
        "check_updates": false,
        "auto_refresh": 9,
        "theme": "light",
        "custom_title": ""
    },
    "cpu": {
        "enable_temperature": false
    },
    "disk": {
        "show_tmpfs": true,
        "show_filesystem": true
    },
    "ping": {
        "hosts": false
    },
    "last_login": {
        "enable": true,
        "max": 5
    },
    "services": {
        "show_port": false,
        "list": [
            {
                "name": "OTP WebUI Server",
                "host": "localhost",
                "port": 80,
                "protocol": "tcp"
            },
            {
                "name": "Internal Mail Server",
                "host": "localhost",
                "port": 25,
                "protocol": "tcp"
            },
            {
                "name": "SQL Server ",
                "host": "localhost",
                "port": 3306,
                "protocol": "tcp"
            },
            {
                "name": "SSH Server",
                "host": "localhost",
                "port": 22,
                "protocol": "tcp"
            }
        ]
    }
}
